id,name,date,president,party,number
1,First Inaugural Address,4/30/1789,George Washington,Unaffiliated,1
2,Thanksgiving Proclamation,10/3/1789,George Washington,Unaffiliated,1
3,First Annual Message to Congress,1/8/1790,George Washington,Unaffiliated,1
4,Second Annual Message to Congress,12/8/1790,George Washington,Unaffiliated,1
5,Talk to the Chiefs and Counselors of the Seneca Nation,12/29/1790,George Washington,Unaffiliated,1
6,Third Annual Message to Congress,10/25/1791,George Washington,Unaffiliated,1
7,Veto Message on Congressional Redistricting,4/5/1792,George Washington,Unaffiliated,1
8,Fourth Annual Message to Congress,11/6/1792,George Washington,Unaffiliated,1
9,Proclamation Against Crimes Against the Cherokee Nations,12/12/1792,George Washington,Unaffiliated,1
10,Second Inaugural Address,3/4/1793,George Washington,Unaffiliated,1
11,Proclamation of Neutrality,4/22/1793,George Washington,Unaffiliated,1
12,Fifth Annual Message to Congress,12/3/1793,George Washington,Unaffiliated,1
13,Proclamation against Opposition to Execution of Laws and Excise Duties in Western Pennsylvania,8/7/1794,George Washington,Unaffiliated,1
14,Proclamation of Militia Service,9/25/1794,George Washington,Unaffiliated,1
15,Sixth Annual Message to Congress,11/19/1794,George Washington,Unaffiliated,1
16,Proclamation of Pardons in Western Pennsylvania,7/10/1795,George Washington,Unaffiliated,1
17,Seventh Annual Message to Congress,12/8/1795,George Washington,Unaffiliated,1
18,Message to the House of Representatives Declining to Submit Diplomatic Instructions and Correspondence,3/30/1796,George Washington,Unaffiliated,1
19,Talk to the Cherokee Nation,8/29/1796,George Washington,Unaffiliated,1
20,Farewell Address,9/19/1796,George Washington,Unaffiliated,1
21,Eighth Annual Message to Congress,12/7/1796,George Washington,Unaffiliated,1
22,Inaugural Address,3/4/1797,John Adams,Federalist,2
23,Special Session Message to Congress (XYZ Affair),5/16/1797,John Adams,Federalist,2
24,First Annual Message,11/22/1797,John Adams,Federalist,2
25,Proclamation of Day of Fasting Humiliation and Prayer,3/23/1798,John Adams,Federalist,2
26,Second Annual Message,12/8/1798,John Adams,Federalist,2
27,Third Annual Message,12/3/1799,John Adams,Federalist,2
28,Death of George George Washington,12/19/1799,John Adams,Federalist,2
29,Proclamation of Pardons to Those Engaged in Fries Rebellion,5/21/1800,John Adams,Federalist,2
30,Fourth Annual Message,11/22/1800,John Adams,Federalist,2
31,First Inaugural Address,3/4/1801,Thomas Jefferson,Democratic-Republican,3
32,The Reply to New Haven Remonstrance,7/12/1801,Thomas Jefferson,Democratic-Republican,3
33,First Annual Message,12/8/1801,Thomas Jefferson,Democratic-Republican,3
34,Response to Danbury Baptist Association,1/1/1802,Thomas Jefferson,Democratic-Republican,3
35,Address to Brother Handsome Lake,11/3/1802,Thomas Jefferson,Democratic-Republican,3
36,Second Annual Message,12/15/1802,Thomas Jefferson,Democratic-Republican,3
37,Special Message to Congress on Indian Policy,1/18/1803,Thomas Jefferson,Democratic-Republican,3
38,Instructions to Captain Lewis,6/20/1803,Thomas Jefferson,Democratic-Republican,3
39,Third Annual Message,10/17/1803,Thomas Jefferson,Democratic-Republican,3
40,Address to the Brothers of Choctaw Nation,12/17/1803,Thomas Jefferson,Democratic-Republican,3
41,Fourth Annual Message,11/8/1804,Thomas Jefferson,Democratic-Republican,3
42,Second Inaugural Address,3/4/1805,Thomas Jefferson,Democratic-Republican,3
43,Fifth Annual Message,12/3/1805,Thomas Jefferson,Democratic-Republican,3
44,Special Message to Congress on Foreign Policy,12/6/1805,Thomas Jefferson,Democratic-Republican,3
45,Address to the Chiefs of the Cherokee Nation,1/10/1806,Thomas Jefferson,Democratic-Republican,3
46,Proclamation on Spanish Territory,11/27/1806,Thomas Jefferson,Democratic-Republican,3
47,Sixth Annual Message,12/2/1806,Thomas Jefferson,Democratic-Republican,3
48,Address to the Wolf and the People of the Mandan Nation,12/30/1806,Thomas Jefferson,Democratic-Republican,3
49,Special Message to Congress on the Burr Conspiracy,1/22/1807,Thomas Jefferson,Democratic-Republican,3
50,Special Message to Congress on the Gun Boats,2/10/1807,Thomas Jefferson,Democratic-Republican,3
51,Proclamation in Response to the Chesapeake Affair,7/2/1807,Thomas Jefferson,Democratic-Republican,3
52,Seventh Annual Message,10/27/1807,Thomas Jefferson,Democratic-Republican,3
53,Eighth Annual Message,11/8/1808,Thomas Jefferson,Democratic-Republican,3
54,First Inaugural Address,3/4/1809,James Madison,Democratic-Republican,4
55,Message to the Inhabitants of Albemarle County,4/3/1809,James Madison,Democratic-Republican,4
56,Message on the Special Congressional SessionState of Foreign Affairs,5/23/1809,James Madison,Democratic-Republican,4
57,First Annual Message,11/29/1809,James Madison,Democratic-Republican,4
58,Proclamation-- Occupation of West Florida,10/27/1810,James Madison,Democratic-Republican,4
59,Second Annual Message,12/5/1810,James Madison,Democratic-Republican,4
60,Veto Act on Incorporating the Alexandria Protestant Episcopal Church,2/21/1811,James Madison,Democratic-Republican,4
61,Third Annual Message,11/5/1811,James Madison,Democratic-Republican,4
62,Special Message to Congress on the Foreign Policy Crisis -- War Message,6/1/1812,James Madison,Democratic-Republican,4
63,Proclamation of a State of War with Great Britain,6/19/1812,James Madison,Democratic-Republican,4
64,Proclamation of Day of Fasting and Prayer,7/9/1812,James Madison,Democratic-Republican,4
65,Fourth Annual Message,11/4/1812,James Madison,Democratic-Republican,4
66,Second Inaugural Address,3/4/1813,James Madison,Democratic-Republican,4
67,Message on the Special Congressional Session -- State of War and Diplomacy,5/25/1813,James Madison,Democratic-Republican,4
68,Proclamation on Day of Public Humiliation and Prayer,7/23/1813,James Madison,Democratic-Republican,4
69,Fifth Annual Message,12/7/1813,James Madison,Democratic-Republican,4
70,Proclamation upon British Depredations  Burning of the Capitol,9/1/1814,James Madison,Democratic-Republican,4
71,Sixth Annual Message,9/20/1814,James Madison,Democratic-Republican,4
72,Veto Message on the National Bank,1/30/1815,James Madison,Democratic-Republican,4
73,Special Message to Congress on the Treaty of Ghent,2/18/1815,James Madison,Democratic-Republican,4
74,Seventh Annual Message,12/5/1815,James Madison,Democratic-Republican,4
75,Eighth Annual Message,12/3/1816,James Madison,Democratic-Republican,4
76,Veto Message on the Internal Improvements Bill,3/3/1817,James Madison,Democratic-Republican,4
77,First Inaugural Address,3/4/1817,James Monroe,Democratic-Republican,5
78,First Annual Message,12/2/1817,James Monroe,Democratic-Republican,5
79,Second Annual Message,11/16/1818,James Monroe,Democratic-Republican,5
80,Third Annual Message,12/7/1819,James Monroe,Democratic-Republican,5
81,Fourth Annual Message,11/14/1820,James Monroe,Democratic-Republican,5
82,Second Inaugural Address,3/5/1821,James Monroe,Democratic-Republican,5
83,Speech to the U.S. House of Representatives on Foreign Policy,7/4/1821,James Monroe,Democratic-Republican,5
84,Fifth Annual Message,12/3/1821,James Monroe,Democratic-Republican,5
85,Sixth Annual Message,12/3/1822,James Monroe,Democratic-Republican,5
86,Seventh Annual Message (James Monroe Doctrine),12/2/1823,James Monroe,Democratic-Republican,5
87,Eighth Annual Message,12/7/1824,James Monroe,Democratic-Republican,5
88,Inaugural Address,3/4/1825,John Quincy Adams,Democratic-Republican,6
89,First Annual Message,12/6/1825,John Quincy Adams,Democratic-Republican,6
90,Message Regarding the Congress of American Nations,12/6/1825,John Quincy Adams,Democratic-Republican,6
91,Second Annual Address,12/5/1826,John Quincy Adams,Democratic-Republican,6
92,Message Regarding the Creek Indians,2/5/1827,John Quincy Adams,Democratic-Republican,6
93,Third Annual Message,12/4/1827,John Quincy Adams,Democratic-Republican,6
94,Fourth Annual Message,12/2/1828,John Quincy Adams,Democratic-Republican,6
95,First Inaugural Address,3/4/1829,Andrew Jackson,Democratic,7
96,Proclamation Regarding Duties on Austrian Vessels,5/11/1829,Andrew Jackson,Democratic,7
97,First Annual Message to Congress,12/8/1829,Andrew Jackson,Democratic,7
98,Message Regarding Treaties with the Choctaw Nation of Indians,5/6/1830,Andrew Jackson,Democratic,7
99,Veto Message Regarding Funding of Infrastructure Development,5/27/1830,Andrew Jackson,Democratic,7
100,Proclamation Regarding the Opening of United States Ports to British Vessels,10/5/1830,Andrew Jackson,Democratic,7
101,Second Annual Message to Congress,12/6/1830,Andrew Jackson,Democratic,7
102,Message Regarding Indian Relations,2/22/1831,Andrew Jackson,Democratic,7
103,Third Annual Message to Congress,12/6/1831,Andrew Jackson,Democratic,7
104,Message Regarding Indian Removal,2/15/1832,Andrew Jackson,Democratic,7
105,Bank Veto,7/10/1832,Andrew Jackson,Democratic,7
106,Fourth Annual Message to Congress,12/4/1832,Andrew Jackson,Democratic,7
107,Veto Message of Internal Improvement Legislation,12/6/1832,Andrew Jackson,Democratic,7
108,Nullification Proclamation,12/10/1832,Andrew Jackson,Democratic,7
109,Message Regarding South Carolina Nullification of Federal Legislation,1/16/1833,Andrew Jackson,Democratic,7
110,Second Inaugural Address,3/4/1833,Andrew Jackson,Democratic,7
111,Message Regarding the Bank of the United States,9/18/1833,Andrew Jackson,Democratic,7
112,Fifth Annual Message to Congress,12/3/1833,Andrew Jackson,Democratic,7
113,Message on the Constitutional Rights and Responsibilities of the President,12/12/1833,Andrew Jackson,Democratic,7
114,Protest of Senate Censure,4/15/1834,Andrew Jackson,Democratic,7
115,Addendum to the Protest of Senate Censure,4/21/1834,Andrew Jackson,Democratic,7
116,Sixth Annual Message to Congress,12/1/1834,Andrew Jackson,Democratic,7
117,Seventh Annual Address to Congress,12/7/1835,Andrew Jackson,Democratic,7
118,Eighth Annual Message to Congress,12/5/1836,Andrew Jackson,Democratic,7
119,Statement on the Independence of Texas,12/21/1836,Andrew Jackson,Democratic,7
120,Farewell Address,3/4/1837,Andrew Jackson,Democratic,7
121,Inaugural Address,3/4/1837,Martin Van Buren,Democratic,8
122,Special Session Message,9/4/1837,Martin Van Buren,Democratic,8
123,First Annual Message to Congress,12/5/1837,Martin Van Buren,Democratic,8
124,Proclamation,1/5/1838,Martin Van Buren,Democratic,8
125,Message Regarding Disturbances and Hostilities on the Canadian Border,11/21/1838,Martin Van Buren,Democratic,8
126,Second Annual Message to Congress,12/3/1838,Martin Van Buren,Democratic,8
127,Message Regarding Disputes on the Maine-Canadian Border,2/16/1839,Martin Van Buren,Democratic,8
128,Third Annual Message to Congress,12/2/1839,Martin Van Buren,Democratic,8
129,Fourth Annual Message to Congress,12/5/1840,Martin Van Buren,Democratic,8
130,Special Message about the Desctruction of Steamboat “Caroline”,1/2/1841,Martin Van Buren,Democratic,8
131,Argument before the Supreme Court in the Case of United States v. Cinque,2/24/1841,Martin Van Buren,Democratic,8
132,Inaugural Address,3/4/1841,William Harrison,Whig,9
133,Address Upon Assuming the Office of President of the United States,4/9/1841,John Tyler,Whig,10
134,Special Session Message to Congress Regarding General Affairs of the Country,6/1/1841,John Tyler,Whig,10
135,Veto Message Regarding the Bank of the United States,8/16/1841,John Tyler,Whig,10
136,Veto Message on the Creation of a Fiscal Corporation,9/9/1841,John Tyler,Whig,10
137,First Annual Message,12/7/1841,John Tyler,Unaffiliated,10
138,Message Regarding Finances and Fiscal Policy,3/25/1842,John Tyler,Unaffiliated,10
139,Message Regarding Indian Affairs in Florida,5/10/1842,John Tyler,Unaffiliated,10
140,Veto Message Regarding Import Duties,8/9/1842,John Tyler,Unaffiliated,10
141,Message to Senate on Negotiations with Britain,8/11/1842,John Tyler,Unaffiliated,10
142,Message Regarding Treaty with Texas,8/18/1842,John Tyler,Unaffiliated,10
143,Second Annual Message,12/6/1842,John Tyler,Unaffiliated,10
144,Message to Congress Regarding US-Hawaiian Relations,12/30/1842,John Tyler,Unaffiliated,10
145,Third Annual Message to Congress,12/5/1843,John Tyler,Unaffiliated,10
146,Message Regarding Disturbances in Rhode Island,4/9/1844,John Tyler,Unaffiliated,10
147,Veto Message Regarding Infrastructure Improvements,6/11/1844,John Tyler,Unaffiliated,10
148,Fourth Annual Message,12/3/1844,John Tyler,Unaffiliated,10
149,Message Regarding US-Mexican Affairs,12/18/1844,John Tyler,Unaffiliated,10
150,Message Regarding the Slave Trade,2/20/1845,John Tyler,Unaffiliated,10
151,Inaugural Address,3/4/1845,James Polk,Democratic,11
152,First Annual Message,12/2/1845,James Polk,Democratic,11
153,Message Regarding Increase in Military Force,3/24/1846,James Polk,Democratic,11
154,Message Regarding Cherokee Indians,4/13/1846,James Polk,Democratic,11
155,War Message to Congress,5/11/1846,James Polk,Democratic,11
156,Announcement of War with Mexico,5/13/1846,James Polk,Democratic,11
157,Message to Senate Regarding Oregon,6/10/1846,James Polk,Democratic,11
158,Veto Message Regarding Funding Internal Improvements,8/3/1846,James Polk,Democratic,11
159,Message Requesting the Creation of an Oregon Territory,8/5/1846,James Polk,Democratic,11
160,Message Regarding Treaty with Cherokees,8/7/1846,James Polk,Democratic,11
161,Message Regarding Settlement with Mexico,8/8/1846,James Polk,Democratic,11
162,Second Annual Message to Congress,12/8/1846,James Polk,Democratic,11
163,Request to Increase the Size of the Army,12/29/1846,James Polk,Democratic,11
164,Message Regarding the War with Mexico,2/13/1847,James Polk,Democratic,11
165,Third Annual Message,12/7/1847,James Polk,Democratic,11
166,Message Regarding Treaty Of Guadelupe Hidalgo,2/22/1848,James Polk,Democratic,11
167,Message Regarding Establishment Of The French Republic,4/3/1848,James Polk,Democratic,11
168,Message Regarding the Oregon Territory,5/29/1848,James Polk,Democratic,11
169,Announcement of Peace Treaty with Mexico,7/4/1848,James Polk,Democratic,11
170,Message Regarding the Treaty of Guadalupe Hidalgo,7/6/1848,James Polk,Democratic,11
171,Message Regarding Size of the Army,8/1/1848,James Polk,Democratic,11
172,Message Regarding Slavery in the Territories,8/14/1848,James Polk,Democratic,11
173,Fourth Annual Message to Congress,12/5/1848,James Polk,Democratic,11
174,Message Regarding War-time Measures,1/2/1849,James Polk,Democratic,11
175,Message Regarding the Treaty of Guadalupe Hidalgo,2/8/1849,James Polk,Democratic,11
176,Inaugural Address,3/5/1849,Zachary Taylor,Whig,12
177,First Annual Message,12/4/1849,Zachary Taylor,Whig,12
178,Message Regarding Newly Acquired Territories,1/23/1850,Zachary Taylor,Whig,12
179,Message Regarding Treaty with Great Britain,4/22/1850,Zachary Taylor,Whig,12
180,Message Regarding Compromise with Texas,8/6/1850,Millard Filmore,Whig,13
181,First Annual Message,12/2/1850,Millard Filmore,Whig,13
182,Announcement of Texas’ Acceptance of Compromise Propositions,12/13/1850,Millard Filmore,Whig,13
183,Message Regarding Agreement with Texas,12/13/1850,Millard Filmore,Whig,13
184,Message Regarding Disturbance in Boston,2/19/1851,Millard Filmore,Whig,13
185,Second Annual Message,12/2/1851,Millard Filmore,Whig,13
186,Eulogy on Henry Clay,7/6/1852,Millard Filmore,Whig,13
187,Third Annual Message,12/6/1852,Millard Filmore,Whig,13
188,Inaugural Address,3/4/1853,Franklin Pierce,Democratic,14
189,First Annual Message,12/5/1853,Franklin Pierce,Democratic,14
190,Proclamation,1/18/1854,Franklin Pierce,Democratic,14
191,Message to Senate on Treaty with Mexico,2/10/1854,Franklin Pierce,Democratic,14
192,Message Regarding Proposed US-Mexican Convention,3/14/1854,Franklin Pierce,Democratic,14
193,Message Regarding Transit Across Central America,5/15/1854,Franklin Pierce,Democratic,14
194,Message Regarding US-Spanish Relations,8/1/1854,Franklin Pierce,Democratic,14
195,Veto Message on Legislation Funding Public Works,8/4/1854,Franklin Pierce,Democratic,14
196,At Peoria  Illinois,10/16/1854,Franklin Pierce,Democratic,14
197,Second Annual Message,12/4/1854,Franklin Pierce,Democratic,14
198,Expansion of August 4 Veto Message,12/30/1854,Franklin Pierce,Democratic,14
199,Third Annual Message,12/31/1855,Franklin Pierce,Democratic,14
200,Message Regarding Disturbances in Kansas,1/24/1856,Franklin Pierce,Democratic,14
201,Proclamation Addressing Disturbances in Kansas,2/11/1856,Franklin Pierce,Democratic,14
202,Special Session Message Regarding Military Support,8/21/1856,Franklin Pierce,Democratic,14
203,Fourth Annual Message,12/2/1856,Franklin Pierce,Democratic,14
204,Inaugural Address,3/4/1857,James Buchanan,Democratic,15
205,First Annual Message,12/8/1857,James Buchanan,Democratic,15
206,Message to Congress Transmitting the Constitution of Kansas,2/2/1858,James Buchanan,Democratic,15
207," ""A House Divided"" Speech",6/16/1858,James Buchanan,Democratic,15
208,Second Annual Message,12/6/1858,James Buchanan,Democratic,15
209,Special Message Regarding Transit Across Central America,2/18/1859,James Buchanan,Democratic,15
210,Veto Message Regarding Land-Grant Colleges,2/24/1859,James Buchanan,Democratic,15
211,Third Annual Message,12/19/1859,James Buchanan,Democratic,15
212,Cooper Union Address,2/27/1860,James Buchanan,Democratic,15
213,Protest of Congressional Investigations,3/28/1860,James Buchanan,Democratic,15
214,Message on the Capture of the Wildfire,5/19/1860,James Buchanan,Democratic,15
215,Addendum to March 28 Message to Congress,6/22/1860,James Buchanan,Democratic,15
216,Fourth Annual Message,12/3/1860,James Buchanan,Democratic,15
217,Message on Threats to the Peace and Existence of the Union,1/8/1861,James Buchanan,Democratic,15
218,Message on Resolutions of Virginia,1/28/1861,James Buchanan,Democratic,15
219,Farewell Address,2/11/1861,James Buchanan,Democratic,15
220,Message Regarding the Presence of Troops in George Washington  DC,3/1/1861,James Buchanan,Democratic,15
221,First Inaugural Address,3/4/1861,Abraham Lincoln,Republican,16
222,July 4th Message to Congress,7/4/1861,Abraham Lincoln,Republican,16
223,First Annual Message,12/3/1861,Abraham Lincoln,Republican,16
224,Second Annual Message,12/1/1862,Abraham Lincoln,Republican,16
225,Emancipation Proclamation,1/1/1863,Abraham Lincoln,Republican,16
226,Public Letter to James Conkling,8/26/1863,Abraham Lincoln,Republican,16
227,Gettysburg Address,11/19/1863,Abraham Lincoln,Republican,16
228,Third Annual Message,12/8/1863,Abraham Lincoln,Republican,16
229,Fourth Annual Message,12/6/1864,Abraham Lincoln,Republican,16
230,Second Inaugural Address,3/4/1865,Abraham Lincoln,Republican,16
231,Message Following the Death of Abraham Abraham Lincoln,4/17/1865,Andrew Johnson,Republican,17
232,Order Ending Commercial Restrictions on Confederate States,4/29/1865,Andrew Johnson,Republican,17
233,Establishing Rewards for the Arrest of Certain Confederate Officers,5/2/1865,Andrew Johnson,Republican,17
234,Message Reestablishing Governments in Former Confederate States,5/29/1865,Andrew Johnson,Republican,17
235,Proclamation Pardoning Persons who Participated in the Rebellion,5/29/1865,Andrew Johnson,Republican,17
236,Message Regarding Control of Abandoned Lands and Property,6/2/1865,Andrew Johnson,Republican,17
237,Executive Order Regarding Discharged Prisoners of War,6/6/1865,Andrew Johnson,Republican,17
238,First Annual Message,12/4/1865,Andrew Johnson,Republican,17
239,Announcement of the Successful Suppression of the Rebellion,12/18/1865,Andrew Johnson,Republican,17
240,Veto Message on Freedmen and Refugee Relief Bureau Legislation,2/19/1866,Andrew Johnson,Republican,17
241,Veto Message on Civil Rights Legislation,3/27/1866,Andrew Johnson,Republican,17
242,Proclamation on the End of the Confederate Insurrection,4/2/1866,Andrew Johnson,Republican,17
243,Message Restoring Tennessee to Former Status,7/24/1866,Andrew Johnson,Republican,17
244,Message Proclaiming End to Insurrection in the United States,8/20/1866,Andrew Johnson,Republican,17
245,Second Annual Message,12/3/1866,Andrew Johnson,Republican,17
246,Veto Message on Admitting Colorado into the Union,1/28/1867,Andrew Johnson,Republican,17
247,Veto Message on Admitting Nebraska into the Union,1/29/1867,Andrew Johnson,Republican,17
248,Veto Message Regarding Rebel State Governments,3/2/1867,Andrew Johnson,Republican,17
249,Veto Message Regarding Rebel State Governments,3/23/1867,Andrew Johnson,Republican,17
250,Message Clarifying the Reconstruction Acts,6/20/1867,Andrew Johnson,Republican,17
251,Message Regarding Reconstruction Legislation,7/19/1867,Andrew Johnson,Republican,17
252,Proclamation Restoring All Rights to Rebellion Participants,9/7/1867,Andrew Johnson,Republican,17
253,Third Annual Message to Congress,12/3/1867,Andrew Johnson,Republican,17
254,Message Regarding the Suspension of Secretary Stanton,12/12/1867,Andrew Johnson,Republican,17
255,Messages Regarding Correspondence with General U.S. Ulysses Grant,2/11/1868,Andrew Johnson,Republican,17
256,Message Regarding the Removal of Secretary Stanton,2/22/1868,Andrew Johnson,Democratic,17
257,Veto Message on Legislation Amending the Judiciary,3/25/1868,Andrew Johnson,Democratic,17
258,Veto Message Regarding Regulations on Confederate States,6/20/1868,Andrew Johnson,Democratic,17
259,Message Proposing Constitutional Amendments,7/18/1868,Andrew Johnson,Democratic,17
260,Veto Message Regarding Electoral College Participation,7/20/1868,Andrew Johnson,Democratic,17
261,Fourth Annual Message to Congress,12/8/1868,Andrew Johnson,Democratic,17
262,First Inaugural Address,3/4/1869,Ulysses Grant,Republican,18
263,Message Regarding Virginia Constitution,4/7/1869,Ulysses Grant,Republican,18
264,Message Submitting State Constitutions to a Vote,5/14/1869,Ulysses Grant,Republican,18
265,Proclamation Establishing Eight Hour Workday,5/19/1869,Ulysses Grant,Republican,18
266,First Annual Message,12/6/1869,Ulysses Grant,Republican,18
267,Announcement of Fifteenth Amendment Ratification,3/30/1870,Ulysses Grant,Republican,18
268,Proclamation Regarding Fenian Brotherhood,5/24/1870,Ulysses Grant,Republican,18
269,Message Regarding Dominican Republic Annexation,5/31/1870,Ulysses Grant,Republican,18
270,Message Regarding Insurrection in Cuba,6/13/1870,Ulysses Grant,Republican,18
271,Message Regarding US International Relations,7/14/1870,Ulysses Grant,Republican,18
272,Proclamation Establishing US Neutrality,8/22/1870,Ulysses Grant,Republican,18
273,Second Annual Message,12/5/1870,Ulysses Grant,Republican,18
274,Message Regarding Unification of Germany,2/7/1871,Ulysses Grant,Republican,18
275,Veto Message Regarding Restrictions on Rebellion Participants,2/15/1871,Ulysses Grant,Republican,18
276,Message Regarding Fourteenth Amendment,5/3/1871,Ulysses Grant,Republican,18
277,Proclamation Suspending Habeas Corpus,10/17/1871,Ulysses Grant,Republican,18
278,Third Annual Message,12/4/1871,Ulysses Grant,Republican,18
279,Message on Civil Service Reform,12/19/1871,Ulysses Grant,Republican,18
280,Fourth Annual Message,12/2/1872,Ulysses Grant,Republican,18
281,Second Inaugural Address,3/4/1873,Ulysses Grant,Republican,18
282,Fifth Annual Message,12/1/1873,Ulysses Grant,Republican,18
283,Veto Message on Monetary Legislation,4/22/1874,Ulysses Grant,Republican,18
284,Proclamation Regarding Disturbances in Louisiana,9/15/1874,Ulysses Grant,Republican,18
285,Sixth Annual Message,12/7/1874,Ulysses Grant,Republican,18
286,Message Regarding Intervention in Louisiana,1/13/1875,Ulysses Grant,Republican,18
287,Message Approving Specie Resumption Act,1/14/1875,Ulysses Grant,Republican,18
288,Veto of Legislation Fixing the Presidential Salary,4/18/1875,Ulysses Grant,Republican,18
289,Seventh Annual Message,12/7/1875,Ulysses Grant,Republican,18
290,Message on Presidential Powers and Obligations,5/4/1876,Ulysses Grant,Republican,18
291,Proclamation Celebrating the Hundredth Anniversary of Independence,6/26/1876,Ulysses Grant,Republican,18
292,Eighth Annual Message,12/5/1876,Ulysses Grant,Republican,18
293,Message Regarding Presidential Election,1/29/1877,Ulysses Grant,Republican,18
294,Inaugural Address,3/5/1877,Rutherford Hayes,Republican,19
295,Prohibition of Federal Employees’ Political Involvement,6/22/1877,Rutherford Hayes,Republican,19
296,Message Regarding Railroad Strike,7/18/1877,Rutherford Hayes,Republican,19
297,First Annual Message,12/3/1877,Rutherford Hayes,Republican,19
298,Veto of Bland-Allison Act,2/8/1878,Rutherford Hayes,Republican,19
299,Second Annual Message,12/2/1878,Rutherford Hayes,Republican,19
300,Veto Message Regarding Immigration Legislation,3/1/1879,Rutherford Hayes,Republican,19
301,Proclamation Regarding Indian Territory,4/26/1879,Rutherford Hayes,Republican,19
302,Veto of Army Appropriations Bill,4/29/1879,Rutherford Hayes,Republican,19
303,Message Regarding Election Regulations,5/12/1879,Rutherford Hayes,Republican,19
304,Veto Messages Regarding Appropriations Legislation,5/29/1879,Rutherford Hayes,Republican,19
305,Third Annual Message,12/1/1879,Rutherford Hayes,Republican,19
306,Message Regarding Central American Canal,3/8/1880,Rutherford Hayes,Republican,19
307,Veto Message Regarding Military Legislation,6/15/1880,Rutherford Hayes,Republican,19
308,Fourth Annual Message,12/6/1880,Rutherford Hayes,Republican,19
309,Veto Message Regarding Economic Legislation,3/3/1881,Rutherford Hayes,Republican,19
310,Inaugural Address,3/4/1881,James Garfield,Republican,20
311,Address Upon Assuming the Office of the President,9/22/1881,Chester Arthur,Republican,21
312,Veto of the Chinese Exclusion Act,4/4/1882,Chester Arthur,Republican,21
313,Message Regarding Congress of American Countries,4/18/1882,Chester Arthur,Republican,21
314,Veto of Safety Regulations Bill,7/1/1882,Chester Arthur,Republican,21
315,Veto of River and Harbors Act,8/1/1882,Chester Arthur,Republican,21
316,Second Annual Message,12/4/1882,Chester Arthur,Republican,21
317,Third Annual Message,12/4/1883,Chester Arthur,Republican,21
318,Message Regarding Settlement on Indian Territory,7/1/1884,Chester Arthur,Republican,21
319,Fourth Annual Message,12/1/1884,Chester Arthur,Republican,21
320,Message Regarding Central American Canal,12/10/1884,Chester Arthur,Republican,21
321,First Inaugural Address,3/4/1885,Grover Cleveland,Democratic,22
322,First Annual Message,12/8/1885,Grover Cleveland,Democratic,22
323,Message Regarding Chinese ImmiUlysses Grant Workers,3/1/1886,Grover Cleveland,Democratic,22
324,Message Regarding U.S. Labor Force,4/22/1886,Grover Cleveland,Democratic,22
325,Veto of Military Pension Legislation,5/8/1886,Grover Cleveland,Democratic,22
326,Message on the Statue of Liberty,5/11/1886,Grover Cleveland,Democratic,22
327,Message on Federal Employee Political Involvement,7/14/1886,Grover Cleveland,Democratic,22
328,Second Annual Message,12/6/1886,Grover Cleveland,Democratic,22
329,Veto of Military Pension Legislation,2/11/1887,Grover Cleveland,Democratic,22
330,Veto of Texas Seed Bill,2/16/1887,Grover Cleveland,Democratic,22
331,Third Annual Message,12/6/1887,Grover Cleveland,Democratic,22
332,Message Regarding Civil Service Reform,2/2/1888,Grover Cleveland,Democratic,22
333,Message Regarding Chinese Exclusion Act,10/1/1888,Grover Cleveland,Democratic,22
334,Fourth Annual Message,12/3/1888,Grover Cleveland,Democratic,22
335,Inaugural Address,3/4/1889,Benjamin Harrison,Republican,23
336,Commemoration of the Centennial of George Washington’s Inauguration,4/4/1889,Benjamin Harrison,Republican,23
337,Statement on the Johnstown Flood,6/4/1889,Benjamin Harrison,Republican,23
338,First Annual Message,12/3/1889,Benjamin Harrison,Republican,23
339,Statement at the International American Conference,4/19/1890,Benjamin Harrison,Republican,23
340,Address Honoring President Garfield,5/30/1890,Benjamin Harrison,Republican,23
341,Message Regarding the International American Conference,6/19/1890,Benjamin Harrison,Republican,23
342,Proclamation Regarding Indian Title to Land,10/23/1890,Benjamin Harrison,Republican,23
343,Second Annual Message,12/1/1890,Benjamin Harrison,Republican,23
344,Message Regarding Death of Treasury Secretary,1/31/1891,Benjamin Harrison,Republican,23
345,Third Annual Message,12/9/1891,Benjamin Harrison,Republican,23
346,Message Regarding Valparaiso Incident,1/25/1892,Benjamin Harrison,Republican,23
347,Message Regarding US-Chilean Affairs,1/28/1892,Benjamin Harrison,Republican,23
348,Speech Accepting the Republican Nomination,9/3/1892,Benjamin Harrison,Republican,23
349,Fourth Annual Message,12/6/1892,Benjamin Harrison,Republican,23
350,Message Regarding Hawaiian Annexation,2/15/1893,Benjamin Harrison,Republican,23
351,Second Inaugural Address,3/4/1893,Grover Cleveland,Democratic,24
352,Message Regarding Economic Crisis,8/8/1893,Grover Cleveland,Democratic,24
353,Special Session Message,8/8/1893,Grover Cleveland,Democratic,24
354,First Annual Message (Second Term),12/4/1893,Grover Cleveland,Democratic,24
355,Message Regarding Hawaiian Annexation,12/18/1893,Grover Cleveland,Democratic,24
356,Veto Message of Monetary Legislation,3/29/1894,Grover Cleveland,Democratic,24
357,Proclamation Regarding Railroad Strike,7/8/1894,Grover Cleveland,Democratic,24
358,Second Annual Message (Second Term),12/3/1894,Grover Cleveland,Democratic,24
359,Message Regarding the Financial Crisis,1/28/1895,Grover Cleveland,Democratic,24
360,Announcement of Treasury Bond Sale,2/8/1895,Grover Cleveland,Democratic,24
361,Declaration of US Neutrality,6/12/1895,Grover Cleveland,Democratic,24
362,Third Annual Message (Second Term),12/2/1895,Grover Cleveland,Democratic,24
363,Message Regarding Venezuelan-British Dispute,12/17/1895,Grover Cleveland,Democratic,24
364,Message Regarding the Financial Crisis,12/20/1895,Grover Cleveland,Democratic,24
365,Announcing the Continuation of US Neutrality,7/27/1896,Grover Cleveland,Democratic,24
366,Fourth Annual Message (Second Term),12/7/1896,Grover Cleveland,Democratic,24
367,Message Regarding Treaty with Britain,1/11/1897,Grover Cleveland,Democratic,24
368,Veto Message Regarding Immigration Legislation,3/2/1897,Grover Cleveland,Democratic,24
369,First Inaugural Address,3/4/1897,William McKinley,Republican,25
370,Message Regarding Special Session of Congress,3/15/1897,William McKinley,Republican,25
371,Message Regarding Relief of Americans in Cuba,5/17/1897,William McKinley,Republican,25
372,Message Regarding Banking and Currency Laws,7/24/1897,William McKinley,Republican,25
373,First Annual Message,12/6/1897,William McKinley,Republican,25
374,Message Regarding Cuban Civil War,4/11/1898,William McKinley,Republican,25
375,Proclamation Regarding Blockade of Cuba,4/22/1898,William McKinley,Republican,25
376,Proclamation Calling for Military Volunteers,4/23/1898,William McKinley,Republican,25
377,Second Annual Message,12/5/1898,William McKinley,Republican,25
378,Third Annual Message,12/5/1899,William McKinley,Republican,25
379,Speech Accepting the Republican Nomination,7/12/1900,William McKinley,Republican,25
380,Fourth Annual Message,12/3/1900,William McKinley,Republican,25
381,Second Inaugural Address,3/4/1901,William McKinley,Republican,25
382,Speech in Buffalo  New York,9/5/1901,William McKinley,Republican,25
383,Announcement of the Death of President William McKinley,9/14/1901,Theodore Roosevelt,Republican,26
384,First Annual Message,12/3/1901,Theodore Roosevelt,Republican,26
385,Message Regarding US-Cuban Relations,6/13/1902,Theodore Roosevelt,Republican,26
386,Second Annual Message,12/2/1902,Theodore Roosevelt,Republican,26
387,Message Convening a Special Session of Congress,10/20/1903,Theodore Roosevelt,Republican,26
388,Message Regarding US-Cuban Commercial Convention,11/10/1903,Theodore Roosevelt,Republican,26
389,Message Regarding the Panamanian Revolution,11/16/1903,Theodore Roosevelt,Republican,26
390,Message Regarding Treaty with Panama,12/7/1903,Theodore Roosevelt,Republican,26
391,Third Annual Message,12/7/1903,Theodore Roosevelt,Republican,26
392,Proclamation Declaring US Neutrality,2/11/1904,Theodore Roosevelt,Republican,26
393,Fourth Annual Message,12/6/1904,Theodore Roosevelt,Republican,26
394,Inaugural Address,3/4/1905,Theodore Roosevelt,Republican,26
395,Fifth Annual Message,12/5/1905,Theodore Roosevelt,Republican,26
396,Message Regarding Panama Canal,1/8/1906,Theodore Roosevelt,Republican,26
397,Message Regarding Meatpacking Plants,6/4/1906,Theodore Roosevelt,Republican,26
398,Sixth Annual Message,12/3/1906,Theodore Roosevelt,Republican,26
399,Message Regarding the State of Puerto Rico,12/11/1906,Theodore Roosevelt,Republican,26
400,Message Regarding Conditions in Panama,12/17/1906,Theodore Roosevelt,Republican,26
401,Message Regarding Disturbances in Texas,12/19/1906,Theodore Roosevelt,Republican,26
402,Seventh Annual Message,12/3/1907,Theodore Roosevelt,Republican,26
403,Message Regarding Labor Legislation,3/25/1908,Theodore Roosevelt,Republican,26
404,Eighth Annual Message,12/9/1908,Theodore Roosevelt,Republican,26
405,Inaugural Address,3/4/1909,William Taft,Republican,27
406,Message Regarding Tariff Legislation,3/16/1909,William Taft,Republican,27
407,Message Regarding Income Tax,6/16/1909,William Taft,Republican,27
408,Address on the Tariff Law of 1909,11/17/1909,William Taft,Republican,27
409,First Annual Message,12/7/1909,William Taft,Republican,27
410,Message Regarding Economic Legislation,1/7/1910,William Taft,Republican,27
411,Message Regarding Environmental Preservation,1/14/1910,William Taft,Republican,27
412,Second Annual Message,12/6/1910,William Taft,Republican,27
413,Message Regarding US-Canadian Relations,1/26/1911,William Taft,Republican,27
414,Special Message on Canadian Reciprocity,1/26/1911,William Taft,Republican,27
415,Third Annual Message,12/5/1911,William Taft,Republican,27
416,Fourth Annual Message,12/3/1912,William Taft,Republican,27
417,First Inaugural Address,3/4/1913,Woodrow Wilson,Democratic,28
418,Message Regarding Tariff Duties,4/8/1913,Woodrow Wilson,Democratic,28
419,Message Regarding Banking System,6/23/1913,Woodrow Wilson,Democratic,28
420,Address at Gettysburg,7/4/1913,Woodrow Wilson,Democratic,28
421,Address at Congress Hall  Philadelphia,10/25/1913,Woodrow Wilson,Democratic,28
422,First Annual Message,12/2/1913,Woodrow Wilson,Democratic,28
423,Address to a Joint Session of Congress on Trusts and Monopolies,1/20/1914,Woodrow Wilson,Democratic,28
424,Message Regarding Tampico Incident,4/20/1914,Woodrow Wilson,Democratic,28
425,Memorial Day Address,5/30/1914,Woodrow Wilson,Democratic,28
426,Fourth of July Address,7/4/1914,Woodrow Wilson,Democratic,28
427,Message on Neutrality,8/20/1914,Woodrow Wilson,Democratic,28
428," ""The Opinion of the World"" Speech",10/20/1914,Woodrow Wilson,Democratic,28
429,Second Annual Message,12/8/1914,Woodrow Wilson,Democratic,28
430,Veto of Immigration Legislation,1/28/1915,Woodrow Wilson,Democratic,28
431,Third Annual Message,12/7/1915,Woodrow Wilson,Democratic,28
432,Message Regarding German Actions,4/19/1916,Woodrow Wilson,Democratic,28
433,Speech of Acceptance,9/2/1916,Woodrow Wilson,Democratic,28
434,Speech Accepting the Democratic Nomination,9/3/1916,Woodrow Wilson,Democratic,28
435,Message Regarding Women’s Suffrage,9/9/1916,Woodrow Wilson,Democratic,28
436,Fourth Annual Message,12/5/1916,Woodrow Wilson,Democratic,28
437," ""A World League for Peace"" Speech",1/22/1917,Woodrow Wilson,Democratic,28
438,Message Regarding US-German Relations,2/3/1917,Woodrow Wilson,Democratic,28
439,Message Regarding Safety of Merchant Ships,2/26/1917,Woodrow Wilson,Democratic,28
440,Second Inaugural Address,3/5/1917,Woodrow Wilson,Democratic,28
441,Address to Congress Requesting a Declaration of War Against Germany,4/2/1917,Woodrow Wilson,Democratic,28
442,The Republic Must Awaken,4/4/1917,Woodrow Wilson,Democratic,28
443,Proclamation 1364,4/6/1917,Woodrow Wilson,Democratic,28
444,Message Regarding World War I,4/17/1917,Woodrow Wilson,Democratic,28
445,Message Regarding Military Draft,5/19/1917,Woodrow Wilson,Democratic,28
446,Fifth Annual Message,12/4/1917,Woodrow Wilson,Democratic,28
447," Woodrow Wilson's ""Fourteen Points""",1/8/1918,Woodrow Wilson,Democratic,28
448,Sixth Annual Message,12/2/1918,Woodrow Wilson,Democratic,28
449,Safeguarding America,9/11/1919,Woodrow Wilson,Democratic,28
450,Seventh Annual Message,12/2/1919,Woodrow Wilson,Democratic,28
451,Americanism,1/20/1920,Woodrow Wilson,Democratic,28
452,Readjustment,5/14/1920,Woodrow Wilson,Democratic,28
453,Speech Accepting the Republican Nomination,6/12/1920,Woodrow Wilson,Democratic,28
454,An Association of Nations,7/22/1920,Woodrow Wilson,Democratic,28
455,Enduring Popular Government,7/22/1920,Woodrow Wilson,Democratic,28
456,High Wages for High Production,7/22/1920,Woodrow Wilson,Democratic,28
457,Liberty Under the Law,7/22/1920,Woodrow Wilson,Democratic,28
458,The American Soldier,7/22/1920,Woodrow Wilson,Democratic,28
459,The Republican Party,8/25/1920,Woodrow Wilson,Democratic,28
460,America,8/28/1920,Woodrow Wilson,Democratic,28
461,Eighth Annual Message,12/7/1920,Woodrow Wilson,Democratic,28
462,Inaugural Address,3/4/1921,William Harding,Republican,29
463,Nationalism and Americanism,3/31/1921,William Harding,Republican,29
464,Speech Upon Arrival of World War One Dead for Burial,5/23/1921,William Harding,Republican,29
465,Opening Speech of the Conference on Limitation of Armament,11/12/1921,William Harding,Republican,29
466,First Annual Message,12/6/1921,William Harding,Republican,29
467,Second Annual Message,12/8/1922,William Harding,Republican,29
468,First Annual Message,12/6/1923,Calvin Coolidge,Republican,30
469,Second Annual Message,12/3/1924,Calvin Coolidge,Republican,30
470,Inaugural Address,3/4/1925,Calvin Coolidge,Republican,30
471,Centennial of George Washington’s Command of the Continental Army,7/3/1925,Calvin Coolidge,Republican,30
472,Message Regarding Relationship of Church and State,10/20/1925,Calvin Coolidge,Republican,30
473,Third Annual Message,12/8/1925,Calvin Coolidge,Republican,30
474,Declaration of Independence Anniversary Commemoration,7/5/1926,Calvin Coolidge,Republican,30
475,Fourth Annual Message,12/7/1926,Calvin Coolidge,Republican,30
476,Address Regarding George Washington’s Birthday,2/22/1927,Calvin Coolidge,Republican,30
477,Address at the Opening of Work on Mount Rushmore in Black Hills  SD,8/10/1927,Calvin Coolidge,Republican,30
478,Fifth Annual Message,12/6/1927,Calvin Coolidge,Republican,30
479,Principles and Ideals of the United States Government,10/22/1928,Herbert Hoover,Republican,31
480,Sixth Annual Message,12/4/1928,Herbert Hoover,Republican,31
481,Inaugural Address,3/4/1929,Herbert Hoover,Republican,31
482,Message Regarding the Farm Bill,6/11/1929,Herbert Hoover,Republican,31
483,Address on Kellogg-Briand Pact,7/24/1929,Herbert Hoover,Republican,31
484,Remarks Upon Proclaiming the Treaty for the Renunciation of War (Kellog-Briand Pact),7/24/1929,Herbert Hoover,Republican,31
485,Message Regarding International Peace,9/18/1929,Herbert Hoover,Republican,31
486,Message Regarding “Black Thursday”,10/25/1929,Herbert Hoover,Republican,31
487,Message on the Economy,11/5/1929,Herbert Hoover,Republican,31
488,Statement on the Economy,11/19/1929,Herbert Hoover,Republican,31
489,First State of the Union Address,12/3/1929,Herbert Hoover,Republican,31
490,Statement Regarding Business and Unemployment,3/7/1930,Herbert Hoover,Republican,31
491,Message Regarding Law Enforcement,4/28/1930,Herbert Hoover,Republican,31
492,Message regarding the Smoot-Hawley Tariff Act,6/16/1930,Herbert Hoover,Republican,31
493,Message Regarding London Naval Treaty,7/7/1930,Herbert Hoover,Republican,31
494,Address to the American Bankers’ Association.,10/2/1930,Herbert Hoover,Republican,31
495,Second State of the Union address.,12/2/1930,Herbert Hoover,Republican,31
496,Message Regarding Unemployment Relief,12/9/1930,Herbert Hoover,Republican,31
497,Statement on Unemployment Relief,2/3/1931,Herbert Hoover,Republican,31
498,Veto Messages Regarding Emergency Adjusted Compensation Act,2/26/1931,Herbert Hoover,Republican,31
499,Statement on Foreign Debts,6/21/1931,Herbert Hoover,Republican,31
500,Message on the Gold Standard,9/22/1931,Herbert Hoover,Republican,31
501,Message Regarding Unemployment Relief,10/18/1931,Herbert Hoover,Republican,31
502,Third State of the Union Address,12/8/1931,Herbert Hoover,Republican,31
503,Statement Regarding Economic Recovery,12/11/1931,Herbert Hoover,Republican,31
504,Statement on the National Economy,5/31/1932,Herbert Hoover,Republican,31
505,Speech Accepting the Republican Nomination,8/11/1932,Herbert Hoover,Republican,31
506,Campaign Speech in James Madison Square Garden,10/21/1932,Herbert Hoover,Republican,31
507,Campaign speech in Indianapolis  Indiana,10/28/1932,Herbert Hoover,Republican,31
508,Campaign speech in St Paul Minnesota,11/5/1932,Herbert Hoover,Republican,31
509,Fourth State of the Union Address,12/6/1932,Herbert Hoover,Republican,31
510,First Inaugural Address,3/4/1933,Franklin Roosevelt,Democratic,32
511,Fireside Chat 1 On the Banking Crisis,3/12/1933,Franklin Roosevelt,Democratic,32
512,Fireside Chat 2 On Progress During the First Two Months,5/7/1933,Franklin Roosevelt,Democratic,32
513,Fireside Chat 3 On the National Recovery Administration,7/24/1933,Franklin Roosevelt,Democratic,32
514,Fireside Chat 4 On Economic Progress,10/22/1933,Franklin Roosevelt,Democratic,32
515,Fireside Chat 5 On Addressing the Critics,6/28/1934,Franklin Roosevelt,Democratic,32
516,Fireside Chat 6 On Government and Capitalism,9/30/1934,Franklin Roosevelt,Democratic,32
517,Fireside Chat 7 On the Works Relief Program and Social Security Act,4/28/1935,Franklin Roosevelt,Democratic,32
518,Democratic National Convention,6/27/1936,Franklin Roosevelt,Democratic,32
519,Fireside Chat 8 On Farmers and Laborers,9/6/1936,Franklin Roosevelt,Democratic,32
520,Speech at James Madison Square Garden,10/31/1936,Franklin Roosevelt,Democratic,32
521,Second Inaugural Address,1/20/1937,Franklin Roosevelt,Democratic,32
522,"Fireside Chat 9 On ""Court-Packing""",3/9/1937,Franklin Roosevelt,Democratic,32
523,Quarantine Speech,10/5/1937,Franklin Roosevelt,Democratic,32
524,Fireside Chat 10 On New Legislation,10/12/1937,Franklin Roosevelt,Democratic,32
525,Fireside Chat 11 On the Unemployment Census,11/14/1937,Franklin Roosevelt,Democratic,32
526,Fireside Chat 12 On the Recession,4/14/1938,Franklin Roosevelt,Democratic,32
527,Fireside Chat 13 On Purging the Democratic Party,6/24/1938,Franklin Roosevelt,Democratic,32
528,Dedication of a Memorial to the Northwest Territory,7/8/1938,Franklin Roosevelt,Democratic,32
529,Fireside Chat 14 On the European War,9/3/1939,Franklin Roosevelt,Democratic,32
530,Fireside Chat 15 On National Defense,5/26/1940,Franklin Roosevelt,Democratic,32
531," ""Stab in the Back"" Speech",6/10/1940,Franklin Roosevelt,Democratic,32
532,Democratic National Convention,7/19/1940,Franklin Roosevelt,Democratic,32
533,"Fireside Chat 16 On the ""Arsenal of Democracy""",12/29/1940,Franklin Roosevelt,Democratic,32
534,State of the Union (Four Freedoms),1/6/1941,Franklin Roosevelt,Democratic,32
535,Third Inaugural Address,1/20/1941,Franklin Roosevelt,Democratic,32
536,On Lend Lease,3/15/1941,Franklin Roosevelt,Democratic,32
537,Fireside Chat 17 On An Unlimited National Emergency,5/27/1941,Franklin Roosevelt,Democratic,32
538,Fireside Chat 18 On The Greer Incident,9/11/1941,Franklin Roosevelt,Democratic,32
539,Address to Congress Requesting a Declaration of War,12/8/1941,Franklin Roosevelt,Democratic,32
540,Fireside Chat 19 On the War with Japan,12/9/1941,Franklin Roosevelt,Democratic,32
541,Message to Congress Requesting War Declarations with Germany and Italy,12/11/1941,Franklin Roosevelt,Democratic,32
542,Fireside Chat 20 On the Progress of the War,2/23/1942,Franklin Roosevelt,Democratic,32
543,Fireside Chat 21 On Sacrifice,4/28/1942,Franklin Roosevelt,Democratic,32
544,Fireside Chat 22 On Inflation and Food Prices,9/7/1942,Franklin Roosevelt,Democratic,32
545,Fireside Chat 23 On the Home Front,10/12/1942,Franklin Roosevelt,Democratic,32
546,State of the Union Address,1/7/1943,Franklin Roosevelt,Democratic,32
547,Fireside Chat 24 On the Coal Crisis,5/2/1943,Franklin Roosevelt,Democratic,32
548,Fireside Chat 25 On the Fall of Mussolini,7/28/1943,Franklin Roosevelt,Democratic,32
549,Fireside Chat 26 On the Armistice in Italy,9/8/1943,Franklin Roosevelt,Democratic,32
550,The Tehran Declaration,12/1/1943,Franklin Roosevelt,Democratic,32
551,Fireside Chat 27 On the Tehran and Cairo Conferences,12/24/1943,Franklin Roosevelt,Democratic,32
552,Fireside Chat 28 On the State of the Union,1/11/1944,Franklin Roosevelt,Democratic,32
553,Fireside Chat 29 On the Fall of Rome,6/5/1944,Franklin Roosevelt,Democratic,32
554,Fireside Chat 30 Opening Fifth War Loan Drive,6/12/1944,Franklin Roosevelt,Democratic,32
555,Democratic National Convention,7/20/1944,Franklin Roosevelt,Democratic,32
556,Fourth Inaugural Address,1/20/1945,Franklin Roosevelt,Democratic,32
557,Joint Statement with Churchill and Stalin on the Yalta Conference,2/11/1945,Franklin Roosevelt,Democratic,32
558,Address to Congress on Yalta,3/1/1945,Franklin Roosevelt,Democratic,32
559,First Speech to Congress,4/16/1945,Harry Truman,Democratic,33
560,Announcing the Surrender of Germany,5/8/1945,Harry Truman,Democratic,33
561,Statement by the President Announcing the Use of the A-Bomb at Hiroshima,8/6/1945,Harry Truman,Democratic,33
562,Radio Report to the American People on the Potsdam Conference,8/9/1945,Harry Truman,Democratic,33
563,Announcing the Surrender of Japan,9/1/1945,Harry Truman,Democratic,33
564,Navy Day Address,10/27/1945,Harry Truman,Democratic,33
565,Truman Doctrine,3/12/1947,Harry Truman,Democratic,33
566,On the Veto of the William Taft-Hartley Bill,6/20/1947,Harry Truman,Democratic,33
567,Address before the NAACP,6/29/1947,Harry Truman,Democratic,33
568,Democratic National Convention,7/15/1948,Harry Truman,Democratic,33
569,Whistlestop Tour in Chariton  Iowa,9/18/1948,Harry Truman,Democratic,33
570,Whistlestop Tour in Trenton  Missouri,9/18/1948,Harry Truman,Democratic,33
571,Victory Celebration,11/3/1948,Harry Truman,Democratic,33
572,Inaugural Address,1/20/1949,Harry Truman,Democratic,33
573,Report to the American People on Korea,4/11/1951,Harry Truman,Democratic,33
574,Columbia Scholastic Press Association,3/15/1952,Harry Truman,Democratic,33
575,Thomas Jefferson-Andrew Jackson Day Dinner,3/29/1952,Harry Truman,Democratic,33
576," ""Checkers"" Speech",9/23/1952,Harry Truman,Democratic,33
577,Rear Platform Remarks,10/22/1952,Harry Truman,Democratic,33
578,Farewell Address,1/15/1953,Harry Truman,Democratic,33
579,First Inaugural Address,1/20/1953,Dwight Eisenhower,Republican,34
580,Chance for Peace,4/16/1953,Dwight Eisenhower,Republican,34
581,Atoms for Peace,12/8/1953,Dwight Eisenhower,Republican,34
582,Republican National Convention,8/23/1956,Dwight Eisenhower,Republican,34
583,Dwight Eisenhower Doctrine,1/5/1957,Dwight Eisenhower,Republican,34
584,Acceptance of the Democratic Party Nomination,7/15/1960,Dwight Eisenhower,Republican,34
585,Address to the Greater Houston Ministerial Association,9/12/1960,Dwight Eisenhower,Republican,34
586,Debate with Richard Richard Nixon in Chicago,9/26/1960,Dwight Eisenhower,Republican,34
587,Debate with Richard Richard Nixon in George Washington  D.C.,10/7/1960,Dwight Eisenhower,Republican,34
588,Debate with Richard Richard Nixon in New York and Los Angeles,10/13/1960,Dwight Eisenhower,Republican,34
589,Debate with Richard Richard Nixon in New York,10/21/1960,Dwight Eisenhower,Republican,34
590," ""City Upon a Hill"" Speech",1/9/1961,Dwight Eisenhower,Republican,34
591,Farewell Address,1/17/1961,Dwight Eisenhower,Republican,34
592,Inaugural Address,1/20/1961,John Kennedy,Democratic,35
593,State of the Union,1/30/1961,John Kennedy,Democratic,35
594,Remarks on the Youth Fitness Program,2/21/1961,John Kennedy,Democratic,35
595,Establishment of the Peace Corps,3/1/1961,John Kennedy,Democratic,35
596,Address to the Diplomatic Corps of Latin America,3/13/1961,John Kennedy,Democratic,35
597,Address to the American Association of Newspaper Editors,4/20/1961,John Kennedy,Democratic,35
598,Special Message to the Congress on Taxation,4/20/1961,John Kennedy,Democratic,35
599," ""President and the Press"" Speech",4/27/1961,John Kennedy,Democratic,35
600,Remarks at George George Washington,5/3/1961,John Kennedy,Democratic,35
601,Address before the Canadian Parliament,5/17/1961,John Kennedy,Democratic,35
602,The Goal of Sending a Man to the Moon,5/25/1961,John Kennedy,Democratic,35
603,Report to the American People on Returning from Europe,6/6/1961,John Kennedy,Democratic,35
604,Remarks to the Graduating Class of the US Naval Academy,6/7/1961,John Kennedy,Democratic,35
605,Report on the Berlin Crisis,7/25/1961,John Kennedy,Democratic,35
606,Address to the UN General Assembly,9/25/1961,John Kennedy,Democratic,35
607,Address at the University of North Carolina,10/12/1961,John Kennedy,Democratic,35
608,Remarks at the Veterans Day Ceremony,11/11/1961,John Kennedy,Democratic,35
609,University of George Washington's 100th Anniversary,11/16/1961,John Kennedy,Democratic,35
610,Address to the National Association of Manufacturers,12/6/1961,John Kennedy,Democratic,35
611,Address in Miami at the Opening of the AFL-CIO Convention,12/7/1961,John Kennedy,Democratic,35
612,Remarks to a U.N. Delegation of Women,12/11/1961,John Kennedy,Democratic,35
613,State of the Union Address,1/11/1962,John Kennedy,Democratic,35
614,Address at the University of California  Berkeley,3/23/1962,John Kennedy,Democratic,35
615,Remarks at West Point,6/6/1962,John Kennedy,Democratic,35
616,Yale University Commencement,6/11/1962,John Kennedy,Democratic,35
617,Address on the Space Effort,9/12/1962,John Kennedy,Democratic,35
618,Address on the Situation at the University of Mississippi,9/30/1962,John Kennedy,Democratic,35
619,Address on the Buildup of Arms in Cuba,10/22/1962,John Kennedy,Democratic,35
620,State of the Union Address,1/14/1963,John Kennedy,Democratic,35
621,90th Anniversary of Vanderbilt University,5/18/1963,John Kennedy,Democratic,35
622,Remarks at Gettysburg on Civil Rights,5/30/1963,John Kennedy,Democratic,35
623,Remarks at U.S. Air Force Academy,6/5/1963,John Kennedy,Democratic,35
624,American University Commencement,6/10/1963,John Kennedy,Democratic,35
625,Address on Civil Rights,6/11/1963,John Kennedy,Democratic,35
626," ""Ich bin ein Berliner"" Speech",6/26/1963,John Kennedy,Democratic,35
627,Address on the Nuclear Test Ban Treaty,7/26/1963,John Kennedy,Democratic,35
628,Address to the UN General Assembly,9/20/1963,John Kennedy,Democratic,35
629,Address at the Mormon Tabernacle,9/26/1963,John Kennedy,Democratic,35
630,Remarks at Amherst College,10/26/1963,John Kennedy,Democratic,35
631,Address to Joint Session of Congress,11/27/1963,Lydon Johnson,Democratic,36
632,Thanksgiving Message,11/28/1963,Lydon Johnson,Democratic,36
633,Address to the U.N. General Assembly,12/17/1963,Lydon Johnson,Democratic,36
634,State of the Union,1/8/1964,Lydon Johnson,Democratic,36
635,Press Conference,2/1/1964,Lydon Johnson,Democratic,36
636,Remarks at the Ninety Sixth Charter Day Observances,2/21/1964,Lydon Johnson,Democratic,36
637,Press Conference at the State Department,2/29/1964,Lydon Johnson,Democratic,36
638,Press Conference at the White House,3/7/1964,Lydon Johnson,Democratic,36
639,Press Conference at the State Department,4/16/1964,Lydon Johnson,Democratic,36
640,Speech to the Associated Press Luncheon,4/20/1964,Lydon Johnson,Democratic,36
641,Press Conference on the South Lawn,5/6/1964,Lydon Johnson,Democratic,36
642,Remarks at the University of Michigan,5/22/1964,Lydon Johnson,Democratic,36
643,Remarks upon Signing the Civil Rights Bill,7/2/1964,Lydon Johnson,Democratic,36
644,Press Conference at the State Department,7/24/1964,Lydon Johnson,Democratic,36
645,Report on the Gulf of Tonkin Incident,8/4/1964,Lydon Johnson,Democratic,36
646,Remarks on Vietnam at Syracuse University,8/5/1964,Lydon Johnson,Democratic,36
647,Acceptance Speech at the Democratic National Convention,8/27/1964,Lydon Johnson,Democratic,36
648,Speech at the Jung Hotel  New Orleans,10/9/1964,Lydon Johnson,Democratic,36
649,Report to the Nation on Events in China and the USSR,10/18/1964,Lydon Johnson,Democratic,36
650," ""A Time for Choosing""",10/27/1964,Lydon Johnson,Democratic,36
651,State of the Union,1/4/1965,Lydon Johnson,Democratic,36
652,Inaugural Address,1/20/1965,Lydon Johnson,Democratic,36
653,Press Conference,2/4/1965,Lydon Johnson,Democratic,36
654,Press Conference at the White House,3/13/1965,Lydon Johnson,Democratic,36
655,Speech Before Congress on Voting Rights,3/15/1965,Lydon Johnson,Democratic,36
656,Press Conference at the LBJ Ranch,3/20/1965,Lydon Johnson,Democratic,36
657,Remarks at a Reception for Astronauts Grissom and Young,3/26/1965,Lydon Johnson,Democratic,36
658,Statement on Arrests in Violo Liuzzo Murder,3/26/1965,Lydon Johnson,Democratic,36
659,Address at Johns Hopkins University,4/7/1965,Lydon Johnson,Democratic,36
660,Press Conference in the East Room,4/27/1965,Lydon Johnson,Democratic,36
661,Statement on Sending Troops to the Dominican Republic,4/28/1965,Lydon Johnson,Democratic,36
662,Report on the Situation in the Dominican Republic,5/2/1965,Lydon Johnson,Democratic,36
663,Speech to the Association of American Editorial Cartoonists,5/13/1965,Lydon Johnson,Democratic,36
664,Press Conference in the East Room,6/1/1965,Lydon Johnson,Democratic,36
665,Remarks at the Howard University Commencement,6/4/1965,Lydon Johnson,Democratic,36
666,Remarks at the Manned Space Flight Center,6/11/1965,Lydon Johnson,Democratic,36
667,Remarks on the 20th Anniversary of the U.N. Charter,6/25/1965,Lydon Johnson,Democratic,36
668,Press Conference in the East Room,7/13/1965,Lydon Johnson,Democratic,36
669,Press Conference,7/28/1965,Lydon Johnson,Democratic,36
670,Remarks on the Signing of the Voting Rights Act,8/6/1965,Lydon Johnson,Democratic,36
671,Press Conference at the White House,8/25/1965,Lydon Johnson,Democratic,36
672,State of the Union,1/12/1966,Lydon Johnson,Democratic,36
673,Statement on the Resumption of Bombing in North Vietnam,1/31/1966,Lydon Johnson,Democratic,36
674,Remarks on Receiving the National Freedom Award,2/23/1966,Lydon Johnson,Democratic,36
675,Speech Before the Foreign Institute,3/23/1966,Lydon Johnson,Democratic,36
676,Remarks in Omaha  Nebraska,6/30/1966,Lydon Johnson,Democratic,36
677,Press Conference at the LBJ Ranch,7/5/1966,Lydon Johnson,Democratic,36
678,Speech on U.S. Foreign Policy in Asia,7/12/1966,Lydon Johnson,Democratic,36
679,Press Conference in the East Room,7/20/1966,Lydon Johnson,Democratic,36
680,Press Conference,10/6/1966,Lydon Johnson,Democratic,36
681,Remarks on the Creation of the Department of Transportation,10/15/1966,Lydon Johnson,Democratic,36
682,Remarks on Departing for the Asia-Pacific Trip,10/17/1966,Lydon Johnson,Democratic,36
683,Press Conference,12/31/1966,Lydon Johnson,Democratic,36
684,State of the Union Address,1/10/1967,Lydon Johnson,Democratic,36
685,Press Conference,2/2/1967,Lydon Johnson,Democratic,36
686,Press Conference,3/9/1967,Lydon Johnson,Democratic,36
687,Address on Vietnam to the Tennessee General Assembly,3/15/1967,Lydon Johnson,Democratic,36
688,Address After Ordering Federal Troops to Detroit  Michigan,7/24/1967,Lydon Johnson,Democratic,36
689,Speech to the Nation on Civil Disorders,7/27/1967,Lydon Johnson,Democratic,36
690,Press Conference,8/18/1967,Lydon Johnson,Democratic,36
691,Speech on Vietnam,9/29/1967,Lydon Johnson,Democratic,36
692,Press Conference,11/17/1967,Lydon Johnson,Democratic,36
693,A Conversation with President Lyndon Andrew Johnson,12/19/1967,Lydon Johnson,Democratic,36
694,State of the Union Address,1/17/1968,Lydon Johnson,Democratic,36
695,Remarks on Decision not to Seek Re-Election,3/31/1968,Lydon Johnson,Democratic,36
696,Address to the National Association of Broadcasters,4/1/1968,Lydon Johnson,Democratic,36
697,Press Conference,4/3/1968,Lydon Johnson,Democratic,36
698,Remarks on Signing the Civil Rights Act,4/11/1968,Lydon Johnson,Democratic,36
699,Remarks on Signing the Nuclear Nonproliferation Treaty,7/1/1968,Lydon Johnson,Democratic,36
700,Remarks on the Cessation of Bombing of North Vietnam,10/31/1968,Lydon Johnson,Democratic,36
701,State of the Union Address,1/14/1969,Lydon Johnson,Democratic,36
702,First Inaugural Address,1/20/1969,Richard Nixon,Republican,37
703,Address to the Nation on the War in Vietnam,11/3/1969,Richard Nixon,Republican,37
704,State of the Union Address,1/22/1970,Richard Nixon,Republican,37
705,Address to the Nation on the Situation in Southeast Asia,4/30/1970,Richard Nixon,Republican,37
706,State of the Union Address,1/22/1971,Richard Nixon,Republican,37
707,Radio Address About Second Annual Foreign Policy Report to the Congress,2/25/1971,Richard Nixon,Republican,37
708,Address to the Nation on the Situation in Southeast Asia,4/7/1971,Richard Nixon,Republican,37
709,Remarks Announcing an Agreement on Strategic Arms Limitation Talks,5/20/1971,Richard Nixon,Republican,37
710,State of the Union Address,1/20/1972,Richard Nixon,Republican,37
711,Address to the Nation on Plan for Peace in Vietnam,1/25/1972,Richard Nixon,Republican,37
712,Address to the Nation on the Situation in Southeast Asia,5/8/1972,Richard Nixon,Republican,37
713,Remarks on Election Eve,11/6/1972,Richard Nixon,Republican,37
714,Remarks on Being Reelected to the Presidency,11/7/1972,Richard Nixon,Republican,37
715,Second Inaugural Address,1/20/1973,Richard Nixon,Republican,37
716,Address to the Nation Announcing an Agreement on Ending the War in Vietnam,1/23/1973,Richard Nixon,Republican,37
717,Address to the Nation About the Watergate Investigations,4/30/1973,Richard Nixon,Republican,37
718,Address to the Nation About the Watergate Investigations,8/15/1973,Richard Nixon,Republican,37
719,State of the Union Address,1/30/1974,Richard Nixon,Republican,37
720,The President's News Conference,2/25/1974,Richard Nixon,Republican,37
721,Address to the Nation on Presidential Tape Recordings,4/29/1974,Richard Nixon,Republican,37
722,Address to the Nation Announcing Decision To Resign the Office of President,8/8/1974,Richard Nixon,Republican,37
723,Remarks on Departure From the White House,8/9/1974,Richard Nixon,Republican,37
724,Remarks on Taking the Oath of Office,8/9/1974,Gerald Ford,Republican,38
725,Remarks on Pardoning Richard Nixon,9/8/1974,Gerald Ford,Republican,38
726,Remarks on Clemency for Vietnam Era Draft Evaders,9/16/1974,Gerald Ford,Republican,38
727,Address to the General Assembly of the United Nations,9/18/1974,Gerald Ford,Republican,38
728," ""Whip Inflation Now"" Speech",10/8/1974,Gerald Ford,Republican,38
729,State of the Union Address,1/15/1975,Gerald Ford,Republican,38
730,Address on U.S. Foreign Policy,4/10/1975,Gerald Ford,Republican,38
731,Remarks at Tulane University,4/23/1975,Gerald Ford,Republican,38
732,Address on Energy Policy,5/27/1975,Gerald Ford,Republican,38
733,Remarks in Helsinki,8/1/1975,Gerald Ford,Republican,38
734,Address at the University of Hawaii,12/7/1975,Gerald Ford,Republican,38
735,State of the Union Address,1/19/1976,Gerald Ford,Republican,38
736,Remarks at the Republican National Convention,8/19/1976,Gerald Ford,Republican,38
737,Republican National Convention,8/19/1976,Gerald Ford,Republican,38
738,Debate with President Gerald Gerald Ford (Domestic Issues),9/23/1976,Gerald Ford,Republican,38
739,Debate with President Gerald Gerald Ford (Foreign and Defense Issues),10/6/1976,Gerald Ford,Republican,38
740,Debate with President Gerald Gerald Ford,10/22/1976,Gerald Ford,Republican,38
741,State of the Union Address,1/12/1977,Jimmy Carter,Democratic,39
742,Inaugural Address,1/20/1977,Jimmy Carter,Democratic,39
743,Report to the American People on Energy,2/2/1977,Jimmy Carter,Democratic,39
744,Remarks at President Carter's Press Conference,3/9/1977,Jimmy Carter,Democratic,39
745,Address to the Nation on Energy,4/18/1977,Jimmy Carter,Democratic,39
746,University of Notre Dame Commencement,5/22/1977,Jimmy Carter,Democratic,39
747,Statement on the Panama Canal Treaty Signing,9/7/1977,Jimmy Carter,Democratic,39
748,Address to the Nation on Energy,11/8/1977,Jimmy Carter,Democratic,39
749,State of the Union Address,1/19/1978,Jimmy Carter,Democratic,39
750,President Carter's Remarks on Joint Statement at Camp David Summit,9/17/1978,Jimmy Carter,Democratic,39
751,Anti-Inflation Program Speech,10/24/1978,Jimmy Carter,Democratic,39
752,Speech on Establishing Diplomatic Relations with China,12/15/1978,Jimmy Carter,Democratic,39
753,State of the Union Address,1/23/1979,Jimmy Carter,Democratic,39
754," ""Crisis of Confidence"" Speech",7/15/1979,Jimmy Carter,Democratic,39
755,Announcement for Presidential Candidacy,11/13/1979,Jimmy Carter,Democratic,39
756,Speech on Afghanistan,1/4/1980,Jimmy Carter,Democratic,39
757,State of the Union Address,1/23/1980,Jimmy Carter,Democratic,39
758,Statement on the Iran Rescue Mission,4/25/1980,Jimmy Carter,Democratic,39
759,Republican National Convention,7/17/1980,Jimmy Carter,Democratic,39
760,Acceptance Speech at the Democratic National Convention,8/14/1980,Jimmy Carter,Democratic,39
761,Debate with Ronald Reagan,10/28/1980,Jimmy Carter,Democratic,39
762,Farewell Speech,1/14/1981,Jimmy Carter,Democratic,39
763,First Inaugural Address,1/20/1981,Ronald Reagan,Republican,40
764,First Press Conference,1/29/1981,Ronald Reagan,Republican,40
765,Address on the Program for Economic Recovery,4/28/1981,Ronald Reagan,Republican,40
766,Address at University of Notre Dame,5/17/1981,Ronald Reagan,Republican,40
767,Speech to the NAACP Annual Convention,6/29/1981,Ronald Reagan,Republican,40
768,Address on Federal Tax Reduction Legislation,7/27/1981,Ronald Reagan,Republican,40
769,Remarks on the Air Traffic Controllers Strike,8/3/1981,Ronald Reagan,Republican,40
770,Speech on the Strategic Arms Reduction Talks,11/18/1981,Ronald Reagan,Republican,40
771,First Annual Message,12/6/1981,Ronald Reagan,Republican,40
772,Address to the Nation on Christmas and the Situation in Poland,12/23/1981,Ronald Reagan,Republican,40
773,State of the Union Address,1/26/1982,Ronald Reagan,Republican,40
774,Address to the British Parliament,6/8/1982,Ronald Reagan,Republican,40
775,Address to the Bundestag in West Germany,6/9/1982,Ronald Reagan,Republican,40
776,Speech to the United Nations General Assembly,6/17/1982,Ronald Reagan,Republican,40
777,Address on Tax and Budget Legislation,8/16/1982,Ronald Reagan,Republican,40
778,Speech to the Nation on U.S. Policy in the Middle East,9/1/1982,Ronald Reagan,Republican,40
779,Address to the Nation on Lebanon,9/20/1982,Ronald Reagan,Republican,40
780,State of the Union Address,1/25/1983,Ronald Reagan,Republican,40
781,Speech at the Conservative Political Action Conference,2/18/1983,Ronald Reagan,Republican,40
782," ""Evil Empire"" Speech",3/8/1983,Ronald Reagan,Republican,40
783,Address to the Nation on National Security,3/23/1983,Ronald Reagan,Republican,40
784,Address on Central America,4/27/1983,Ronald Reagan,Republican,40
785,Speech on the Soviet Attack on a Korean Airliner,9/5/1983,Ronald Reagan,Republican,40
786,Speech to the Nation on Lebanon and Grenada,10/27/1983,Ronald Reagan,Republican,40
787,Speech on the Creation of the Martin Luther King Jr.  National Holiday,11/2/1983,Ronald Reagan,Republican,40
788,Remarks on U.S. Casualties in Lebanon and Grenada,11/4/1983,Ronald Reagan,Republican,40
789,State of the Union Address,1/25/1984,Ronald Reagan,Republican,40
790,Address Announcing His Candidacy for Reelection,1/29/1984,Ronald Reagan,Republican,40
791,Remarks Honoring the Vietnam War’s Unknown Soldier,5/28/1984,Ronald Reagan,Republican,40
792,Remarks to the Citizens of Ballyporeen Ireland,6/3/1984,Ronald Reagan,Republican,40
793,40th Anniversary of D-Day,6/6/1984,Ronald Reagan,Republican,40
794,Republican National Convention,8/23/1984,Ronald Reagan,Republican,40
795,Debate with Walter Mondale (Domestic Issues),10/7/1984,Ronald Reagan,Republican,40
796,Debate with Walter Mondale (Defense and Foreign Policy),10/21/1984,Ronald Reagan,Republican,40
797,Second Inaugural Address,1/21/1985,Ronald Reagan,Republican,40
798,State of the Union Address,2/6/1985,Ronald Reagan,Republican,40
799,Bergen-Belsen Concentration Camp,5/5/1985,Ronald Reagan,Republican,40
800,Speech on the Geneva Summit,11/21/1985,Ronald Reagan,Republican,40
801," Address on the Space Shuttle ""Challenger""",1/28/1986,Ronald Reagan,Republican,40
802,State of the Union Address,2/4/1986,Ronald Reagan,Republican,40
803,Speech to the Nation on Air Strikes Against Libya,4/14/1986,Ronald Reagan,Republican,40
804,Speech to the Nation on the Campaign Against Drug Abuse,9/14/1986,Ronald Reagan,Republican,40
805,Address on the Meetings with Soviet Premier Gorbachev,10/13/1986,Ronald Reagan,Republican,40
806,Remarks on Signing the Tax Reform Act,10/22/1986,Ronald Reagan,Republican,40
807,State of the Union Address,1/27/1987,Ronald Reagan,Republican,40
808,Address to the Nation on Iran-Contra,3/4/1987,Ronald Reagan,Republican,40
809,Address from the Brandenburg Gate (Berlin Wall),6/12/1987,Ronald Reagan,Republican,40
810,Remarks at the Signing of the INF Treaty with Soviet Premier Gorbachev,12/8/1987,Ronald Reagan,Republican,40
811,Address to the Nation on the Soviet-U.S. Summit Meeting,12/10/1987,Ronald Reagan,Republican,40
812,State of the Union Address,1/25/1988,Ronald Reagan,Republican,40
813,Address at Moscow State University,5/31/1988,Ronald Reagan,Republican,40
814,Farewell Address at the Republican National Convention,8/15/1988,Ronald Reagan,Republican,40
815,Acceptance Speech at the Republican National Convention,8/18/1988,Ronald Reagan,Republican,40
816,Debate with Michael Dukakis,9/25/1988,Ronald Reagan,Republican,40
817,Address to the United Nations,9/26/1988,Ronald Reagan,Republican,40
818,Remarks at the Veteran's Day Ceremony,11/11/1988,Ronald Reagan,Republican,40
819,Speech on Foreign Policy,12/16/1988,Ronald Reagan,Republican,40
820,Farewell Address,1/11/1989,Ronald Reagan,Republican,40
821,Inaugural Address,1/20/1989,George H.W. Bush,Republican,41
822,Address Before a Joint Session of Congress,2/9/1989,George H.W. Bush,Republican,41
823,Commencement Address at Texas A&M University,5/12/1989,George H.W. Bush,Republican,41
824,Address to the Nation on Panama,12/20/1989,George H.W. Bush,Republican,41
825,State of the Union Address,1/31/1990,George H.W. Bush,Republican,41
826,Remarks on the Signing of the Americans with Disabilities Act,7/26/1990,George H.W. Bush,Republican,41
827,Address on Iraq's Invasion of Kuwait,8/8/1990,George H.W. Bush,Republican,41
828,Address Before a Joint Session of Congress,9/11/1990,George H.W. Bush,Republican,41
829,Address to the United Nations,10/1/1990,George H.W. Bush,Republican,41
830,Address to the Nation on the Budget,10/2/1990,George H.W. Bush,Republican,41
831,Address to the Nation on the Invasion of Iraq,1/16/1991,George H.W. Bush,Republican,41
832,State of the Union Address,1/29/1991,George H.W. Bush,Republican,41
833,Address on the End of the Gulf War,2/27/1991,George H.W. Bush,Republican,41
834,Address Before a Joint Session of Congress on the End of the Gulf War,3/6/1991,George H.W. Bush,Republican,41
835,Press Conference with Mikhail Gorbachev,7/31/1991,George H.W. Bush,Republican,41
836,State of the Union Address,1/28/1992,George H.W. Bush,Republican,41
837,Republican National Convention,8/20/1992,George H.W. Bush,Republican,41
838,Debate with Bill Clinton and Ross Perot,10/11/1992,George H.W. Bush,Republican,41
839,Address on Somalia,12/4/1992,George H.W. Bush,Republican,41
840,Remarks at Texas A&M University,12/15/1992,George H.W. Bush,Republican,41
841,Address at West Point,1/5/1993,George H.W. Bush,Republican,41
842,First Inaugural,1/20/1993,Bill Clinton,Democratic,42
843," Press Conference on ""Gays in the Military""",1/29/1993,Bill Clinton,Democratic,42
844,Remarks at the Signing of the Family Medical Leave Act,2/5/1993,Bill Clinton,Democratic,42
845,Address Before a Joint Session of Congress,2/17/1993,Bill Clinton,Democratic,42
846,National Service Address,4/30/1993,Bill Clinton,Democratic,42
847,Remarks on Operation Restore Hope,5/5/1993,Bill Clinton,Democratic,42
848,Speech at the 25th Anniversary Memorial Mass for Robert F. John Kennedy,6/6/1993,Bill Clinton,Democratic,42
849,Remarks at the Signing of the Israeli-Palestinian Agreement,9/13/1993,Bill Clinton,Democratic,42
850,Address on Health Care Reform,9/22/1993,Bill Clinton,Democratic,42
851,Address on Somalia,10/7/1993,Bill Clinton,Democratic,42
852,Remarks to the Convocation of the Church of God in Christ in Memphis,11/13/1993,Bill Clinton,Democratic,42
853,Remarks on the Signing of NAFTA,12/8/1993,Bill Clinton,Democratic,42
854,State of the Union Address,1/25/1994,Bill Clinton,Democratic,42
855,Remarks at the U.S. National Cemetery,6/6/1994,Bill Clinton,Democratic,42
856,Remarks at the Brandenburg Gate,7/12/1994,Bill Clinton,Democratic,42
857,State of the Union Address,1/24/1995,Bill Clinton,Democratic,42
858,Time for Healing Ceremony,4/23/1995,Bill Clinton,Democratic,42
859,Address on Affirmative Action,7/19/1995,Bill Clinton,Democratic,42
860,Address on Race Relations,10/16/1995,Bill Clinton,Democratic,42
861,Address on Bosnia,11/27/1995,Bill Clinton,Democratic,42
862,Address to the Employees of the Mackie Metal Plant,11/30/1995,Bill Clinton,Democratic,42
863,State of the Union Address,1/23/1996,Bill Clinton,Democratic,42
864,Victims Rights Announcement,6/25/1996,Bill Clinton,Democratic,42
865,Remarks at the Democratic National Convention,8/29/1996,Bill Clinton,Democratic,42
866,Presidential Debate with Senator Bob Dole,10/6/1996,Bill Clinton,Democratic,42
867,Remarks to the Congregation of St. Paul's AME Church,11/3/1996,Bill Clinton,Democratic,42
868,Second Inaugural,1/20/1997,Bill Clinton,Democratic,42
869,State of the Union Address,2/4/1997,Bill Clinton,Democratic,42
870,Address to the People and Relief Workers of Grand Forks  ND,4/22/1997,Bill Clinton,Democratic,42
871,Response to the Lewinsky Allegations,1/26/1998,Bill Clinton,Democratic,42
872,State of the Union Address,1/27/1998,Bill Clinton,Democratic,42
873,Remarks to the People of Ghana,3/23/1998,Bill Clinton,Democratic,42
874,Remarks to the People of Rwanda,3/25/1998,Bill Clinton,Democratic,42
875,Statement on His Testimony Before the Grand Jury,8/17/1998,Bill Clinton,Democratic,42
876,State of the Union Address,1/19/1999,Bill Clinton,Democratic,42
877,Statement on Kosovo,3/24/1999,Bill Clinton,Democratic,42
878,Address on the Kosovo Agreement,6/10/1999,Bill Clinton,Democratic,42
879,State of the Union Address,1/27/2000,Bill Clinton,Democratic,42
880,Farewell Address,1/18/2001,Bill Clinton,Democratic,42
881,First Inaugural Address,1/20/2001,George W. Bush,Republican,43
882,Remarks on Faith-Based and Community Initiatives,1/29/2001,George W. Bush,Republican,43
883,Proposal for Global Fund to Fight HIV/AIDS  Malaria  and Tuberculosis,5/11/2001,George W. Bush,Republican,43
884,Remarks on Signing the Economic Growth and Tax Relief Reconciliation Act,6/7/2001,George W. Bush,Republican,43
885,Address to the Nation on Stem Cell Research,8/10/2001,George W. Bush,Republican,43
886,Address to the Nation on the Terrorist Attacks,9/11/2001,George W. Bush,Republican,43
887,Address on the U.S. Response to the Attacks of September 11,9/22/2001,George W. Bush,Republican,43
888,Remarks on No Child Left Behind Bill,1/8/2002,George W. Bush,Republican,43
889,State of the Union Address,1/29/2002,George W. Bush,Republican,43
890,Graduation Speech at West Point,6/1/2002,George W. Bush,Republican,43
891,Address to the Nation on the Department of Homeland Security,6/7/2002,George W. Bush,Republican,43
892,Speech on New Mother and Child HIV Prevention Initiative,6/19/2002,George W. Bush,Republican,43
893,Remarks at the UN General Assembly,9/12/2002,George W. Bush,Republican,43
894,State of the Union Address,1/28/2003,George W. Bush,Republican,43
895,Address to the Nation on Iraq,3/17/2003,George W. Bush,Republican,43
896,Address on the Start of the Iraq War,3/20/2003,George W. Bush,Republican,43
897,Remarks on Freedom in Iraq and Middle East,11/6/2003,George W. Bush,Republican,43
898,Address on Signing Medicare Legislation,12/8/2003,George W. Bush,Republican,43
899,Temporary Worker Program Proposal,1/7/2004,George W. Bush,Republican,43
900,State of the Union Address,1/20/2004,George W. Bush,Republican,43
901,Remarks on National Security and the War Effort,7/17/2004,George W. Bush,Republican,43
902,Remarks at the Republican National Convention,9/3/2004,George W. Bush,Republican,43
903,Second Inaugural Address,1/20/2005,George W. Bush,Republican,43
904,State of the Union Address,2/2/2005,George W. Bush,Republican,43
905,Remarks on Hurricane Katrina Relief Efforts,8/31/2005,George W. Bush,Republican,43
906,Hurricane Relief Address from New Orleans,9/16/2005,George W. Bush,Republican,43
907,Address on Renewal in Iraq,12/19/2005,George W. Bush,Republican,43
908,State of the Union Address,1/31/2006,George W. Bush,Republican,43
909,Remarks on Stem Cell Research Policy,7/19/2006,George W. Bush,Republican,43
910,Address on Military Operations in Iraq,1/11/2007,George W. Bush,Republican,43
911,State of the Union Address,1/23/2007,George W. Bush,Republican,43
912,Speech on Comprehensive Immigration Reform,4/9/2007,George W. Bush,Republican,43
913,State of the Union Address,1/28/2008,George W. Bush,Republican,43
914,Remarks on the War on Terror,3/19/2008,George W. Bush,Republican,43
915,Acceptance Speech at the Democratic National Convention,8/28/2008,George W. Bush,Republican,43
916,Remarks on Emergency Economic Stabilization Act of 2008,10/3/2008,George W. Bush,Republican,43
917,Remarks on Election Night,11/4/2008,George W. Bush,Republican,43
918,Speech on Financial Markets and the World Economy,11/13/2008,George W. Bush,Republican,43
919,Remarks on Plan to Assist Automakers,12/19/2008,George W. Bush,Republican,43
920,Final Press Conference,1/12/2009,George W. Bush,Republican,43
921,Farewell Address to the Nation,1/15/2009,George W. Bush,Republican,43
922,Inaugural Address,1/20/2009,Barack Obama,Democratic,44
923,Remarks on the Lilly Ledbetter Fair Pay Restoration Act Bill Signing,1/29/2009,Barack Obama,Democratic,44
924,Remarks on the American Recovery and Reinvestment Act,2/7/2009,Barack Obama,Democratic,44
925,Address Before a Joint Session of Congress,2/24/2009,Barack Obama,Democratic,44
926,Remarks on Nominating Judge Sonia Sotomayor to the U.S. Supreme Court,5/26/2009,Barack Obama,Democratic,44
927,Address at Cairo University,6/4/2009,Barack Obama,Democratic,44
928,Address to Congress on Health Care,9/9/2009,Barack Obama,Democratic,44
929,Speech on Strategy in Afghanistan and Pakistan,12/1/2009,Barack Obama,Democratic,44
930,Acceptance of Nobel Peace Prize,12/10/2009,Barack Obama,Democratic,44
931,2010 State of the Union Address,1/27/2010,Barack Obama,Democratic,44
932,News Conference on Congressional Gridlock,2/9/2010,Barack Obama,Democratic,44
933,Speech on Health Care Reform,3/15/2010,Barack Obama,Democratic,44
934,Remarks on Space Exploration in the 21st Century,4/15/2010,Barack Obama,Democratic,44
935,Remarks on Wall Street Reform,4/28/2010,Barack Obama,Democratic,44
936,Speech on the BP Oil Spill,6/15/2010,Barack Obama,Democratic,44
937,Address on the End of the Combat Mission in Iraq,8/31/2010,Barack Obama,Democratic,44
938,Address to the United Nations,9/23/2010,Barack Obama,Democratic,44
939,Press Conference After 2010 Midterm Elections,11/3/2010,Barack Obama,Democratic,44
940,Remarks at Memorial for Victims of the Tucson  AZ Shooting,1/12/2011,Barack Obama,Democratic,44
941,2011 State of the Union Address,1/25/2011,Barack Obama,Democratic,44
942,Remarks on the Death of Osama Bin Laden,5/1/2011,Barack Obama,Democratic,44
943,Speech on American Diplomacy in the Middle East and North Africa,5/19/2011,Barack Obama,Democratic,44
944,Address to the British Parliament,5/25/2011,Barack Obama,Democratic,44
945,Remarks on the Afghanistan Pullout,6/22/2011,Barack Obama,Democratic,44
946,Address to Congress on the American Jobs Act,9/8/2011,Barack Obama,Democratic,44
947,Remarks on the End of the War in Iraq,10/21/2011,Barack Obama,Democratic,44
948,2012 State of the Union Address,1/24/2012,Barack Obama,Democratic,44
949,Nominee Acceptance Speech at 2012 Democratic National Convention,9/6/2012,Barack Obama,Democratic,44
950,2012 Election Night Victory Speech,11/6/2012,Barack Obama,Democratic,44
951,Remarks on Sandy Hook Elementary Shootings,12/16/2012,Barack Obama,Democratic,44
952,Second Inaugural Address,1/21/2013,Barack Obama,Democratic,44
953,Remarks on Immigration Reform,1/29/2013,Barack Obama,Democratic,44
954,2013 State of the Union Address,2/13/2013,Barack Obama,Democratic,44
955,Statement on the Government Sequester,3/1/2013,Barack Obama,Democratic,44
956,Address to the People of Israel,3/21/2013,Barack Obama,Democratic,44
957,Speech on Gun Violence,4/8/2013,Barack Obama,Democratic,44
958,Remarks on Trayvon Martin,7/19/2013,Barack Obama,Democratic,44
959,Remarks on Education and the Economy,7/24/2013,Barack Obama,Democratic,44
960,Address to the Nation on Syria,9/10/2013,Barack Obama,Democratic,44
961,Speech on Economic Mobility,12/4/2013,Barack Obama,Democratic,44
962,2014 State of the Union Address,1/28/2014,Barack Obama,Democratic,44
963,Address to the Nation on Immigration,11/20/2014,Barack Obama,Democratic,44
964,2015 State of the Union Address,1/20/2015,Barack Obama,Democratic,44
965,Remarks at the 50th Anniversary of the Selma Marches,3/7/2015,Barack Obama,Democratic,44
966,Remarks in Eulogy for the Honorable Reverend Clementa Pickney,6/26/2015,Barack Obama,Democratic,44
967,2016 State of the Union Address,1/12/2016,Barack Obama,Democratic,44
968,Remarks to the People of Cuba,3/22/2016,Barack Obama,Democratic,44
969,Commencement Address at Rutgers University,5/15/2016,Barack Obama,Democratic,44
970,Inaugural Address,1/20/2017,Donald Trump,Republican,45
971,Address to Joint Session of Congress,2/28/2017,Donald Trump,Republican,45
972,State of the Union Address,1/30/2018,Donald Trump,Republican,45
